{
  "num_trajectories": 300,
  "total_transitions": 195800,
  "traj_length_mean": 652.6666666666666,
  "traj_length_std": 200.97544349718174,
  "traj_length_min": 392,
  "traj_length_max": 2614,
  "state_dim": 59,
  "action_dim": 14,
  "state_min": [
    -1.0,
    -1.0,
    -0.07658187351603296,
    -0.7706635224518862,
    -0.5190197484959844,
    -1.0,
    -1.0,
    -1.0,
    -1.0,
    -1.0,
    -1.0,
    -0.10625080551459742,
    -0.6944441966929437,
    -1.0,
    -1.0,
    -1.0,
    -1.0,
    -1.0,
    -1.0,
    -1.0,
    -0.11488812607953536,
    -1.0,
    -1.0,
    -1.0,
    -0.9999971923966483,
    -1.0,
    0.1238545436481826,
    0.4362655271626288,
    -1.0,
    -1.0,
    -1.0,
    -0.9999988757626929,
    -1.0,
    -1.0,
    -1.0,
    -1.0,
    -1.0,
    -1.0,
    -0.9999999986744937,
    -1.0,
    0.9564606263827373,
    0.9930346772796341,
    0.9031667341867446,
    0.9570665143591592,
    0.9953496175541672,
    -1.0,
    -1.0,
    -1.0,
    -1.0,
    -1.0,
    -1.0,
    -1.0,
    -1.0,
    -1.0,
    -1.0,
    -1.0,
    -1.0,
    -1.0,
    -1.0
  ],
  "state_max": [
    0.9999979052377834,
    0.9999978079548313,
    0.9999988050139621,
    0.9999979035593398,
    0.9999979711006655,
    0.9999980301076941,
    0.9999972388044092,
    0.9999564321362622,
    0.99995606159925,
    0.9999969399833497,
    0.9999972779514497,
    0.9999988343103006,
    0.9999979138206125,
    0.7349466248289334,
    0.9999973422914428,
    0.999997567261868,
    0.9999514312572206,
    0.9999557333563824,
    0.9999973212357862,
    0.9999982840373121,
    0.9999988086169711,
    0.9999989177231425,
    0.9999989998118457,
    0.9999989973996124,
    0.9999974481955103,
    0.9999961966206905,
    0.9999963586435767,
    0.9999982402282133,
    0.9999988648254645,
    0.9999987211336034,
    0.9999987809624689,
    0.9999980000022386,
    0.999997048300868,
    0.999997345730874,
    0.9999984000623616,
    0.9999989994267751,
    0.9999988582065085,
    0.9999983825219974,
    0.9999980000027153,
    -0.8920371848261008,
    0.9999956042544571,
    0.9999975214922057,
    0.9999902415376909,
    0.9999956040970559,
    0.9999975186135004,
    0.999998310589735,
    0.9999986425383276,
    0.9999986240063126,
    0.999998242022984,
    0.9999985361169206,
    0.9999988432804816,
    0.9999971470538516,
    0.9999983039661551,
    0.9999982851560096,
    0.9999975650148738,
    0.9999975673759878,
    0.9999978925426241,
    0.9999980000020001,
    0.9999980000020001
  ],
  "state_mean": [
    0.1999707669353511,
    0.07480143751929262,
    0.2036668166536958,
    0.4339590980006635,
    0.4281923407532854,
    -0.15373620747897154,
    0.045075225839601864,
    0.3604272039033199,
    -0.35747751187272675,
    -0.10018321956488044,
    0.027483140282454365,
    0.18709979710215152,
    0.4798642565801021,
    -0.4032291123725058,
    -0.08165065941149528,
    -0.015134362467284905,
    0.5841363065854237,
    -0.5139943135949266,
    0.22471788751176075,
    -0.4080335718296879,
    0.10627342854281041,
    0.030611084981285383,
    0.06563731026043865,
    0.0434345569587422,
    -0.7601508649397749,
    0.17393766690954737,
    0.5671354653434154,
    0.4901191081610897,
    -0.05960907252043033,
    -0.05082462019645823,
    0.03876978641532081,
    0.8041794974145707,
    0.027100857303797254,
    -0.49126208481055955,
    0.3207983635415275,
    0.001274390023087269,
    -0.03378794273838413,
    0.13633899943418387,
    0.8551948249679108,
    -0.9525434400271503,
    0.9787876655009861,
    0.9950899058029868,
    0.9547400583247042,
    0.9772673035888089,
    0.9974068055979591,
    0.20056163830651286,
    -0.4007263938307389,
    -0.04542223240536592,
    0.01602885601373154,
    -0.18223548020044153,
    0.5994992388993031,
    0.02960372290306759,
    -0.16522378670184928,
    0.22746908008313582,
    -0.013284981756486848,
    -0.0023231986970217618,
    0.5055296901872922,
    -0.9868743747190715,
    0.3093551768545762
  ],
  "state_std": [
    0.22105054118676054,
    0.4393813149867988,
    0.12337212204777188,
    0.1980115625308782,
    0.16729705886830332,
    0.22269664375569098,
    0.23164849062042372,
    0.5468356463367597,
    0.5562162751652447,
    0.3919543001108388,
    0.3917770439039854,
    0.11159808048157696,
    0.16068473373832262,
    0.1671749833233899,
    0.17612153237534817,
    0.15688521845827472,
    0.5212932041536333,
    0.4675948635443662,
    0.2904054283999077,
    0.4960939370481573,
    0.1492625456941564,
    0.1324113825381561,
    0.7199447336902504,
    0.6691330843889159,
    0.20457029167655452,
    0.6448304274091691,
    0.12303408022681046,
    0.09129483143004505,
    0.2263774497687012,
    0.18675299154927397,
    0.3594481031105888,
    0.30033069240462895,
    0.5055993870841173,
    0.26180810159782353,
    0.3829741863779356,
    0.1888040136688954,
    0.12361274111292585,
    0.26669541779276457,
    0.3657822125580761,
    0.028929523440334316,
    0.012614108460690025,
    0.00013986978837023507,
    0.028740138679306523,
    0.012118035281551578,
    0.00013809772962818662,
    0.21317997406678288,
    0.2738029199392766,
    0.1516834001113154,
    0.3472901088293229,
    0.316722367020572,
    0.292288003022122,
    0.4291703669263301,
    0.6423243357497351,
    0.1569509616831921,
    0.30929108332160166,
    0.339412439623794,
    0.23346612990411805,
    0.1614897590298215,
    0.9509451907681141
  ],
  "action_min": [
    -1.0,
    -1.0,
    -1.0,
    -1.0,
    -1.0,
    -1.0,
    -1.0,
    -1.0,
    -1.0,
    -1.0,
    -1.0,
    -1.0,
    -1.0,
    -1.0
  ],
  "action_max": [
    0.9999990000004999,
    0.9999990000004999,
    0.9999990000004999,
    0.9999987538164137,
    0.9999983265172374,
    0.9999986174576132,
    0.9999990000004999,
    0.9999990000004999,
    0.9999990000004999,
    0.9999990000004999,
    0.9999987232525471,
    0.9999962524157744,
    0.9999982644359804,
    0.9999990000004999
  ],
  "action_mean": [
    0.0125091075724002,
    0.022248855890655398,
    0.005636604848961532,
    -0.24656820377151697,
    0.08204707036360624,
    0.025066985592926052,
    -0.1273344506333159,
    -0.02436637553906375,
    0.005090759429769432,
    0.003137906984603064,
    0.27878815926080425,
    0.027007908458370113,
    0.12880635001439794,
    -0.35084812845753804
  ],
  "action_std": [
    0.36499327986732605,
    0.35664586356490136,
    0.30686337429678845,
    0.0834673614746522,
    0.06202474626855176,
    0.1042819436625093,
    0.9918593978051717,
    0.26584982872257856,
    0.2596307541306858,
    0.24020618096765578,
    0.056856938416813434,
    0.08136620849712857,
    0.07613749285517052,
    0.9364320272214083
  ]
}