{
  "state_low_threshold": [
    -0.22362617346260644,
    -0.4220688693358827,
    -0.0064466758513932725,
    0.06662679692111678,
    0.14436050669074643,
    -0.4346129660082521,
    -0.3841818359040659,
    -0.36921546892803553,
    -0.8800100507666839,
    -0.7078905925312711,
    -0.6949752729904253,
    -0.019781892782458715,
    0.20325768532862953,
    -0.6560672242875369,
    -0.3541752367276968,
    -0.2331697211883582,
    -0.28683531656087813,
    -0.859816543760219,
    -0.5020246443878786,
    -0.8049877841961471,
    -0.017191203383831972,
    -0.1514005372333767,
    -0.8144735519804888,
    -0.7417686069248208,
    -0.9841423922213919,
    -0.8738826869079296,
    0.3353994659664872,
    0.46015002668471744,
    -0.7877052699649769,
    -0.18552977230949053,
    -0.6220356456817763,
    0.17545723487052944,
    -0.5015679016089898,
    -0.7539029273246849,
    -0.9505813312673835,
    -0.20453090952205527,
    -0.2405304221843027,
    -0.16192112063304565,
    0.524949679725871,
    -0.9966537716519719,
    0.9597679801828732,
    0.9950902118847053,
    0.9059596543131011,
    0.9586495150838069,
    0.9974074433729077,
    -0.1448349699982518,
    -0.6453124530416191,
    -0.2706057008680002,
    -0.4245268740690255,
    -0.7348249353616956,
    -0.20020991612993908,
    -0.4171282540654324,
    -0.7926069942954781,
    -0.017211485976575805,
    -0.5836754326843345,
    -0.35825352686118084,
    0.13501703425734096,
    -1.0,
    -1.0
  ],
  "state_high_threshold": [
    0.46676538475742574,
    0.8120910663921108,
    0.4059075865585518,
    0.7129208928213292,
    0.7107319457763771,
    0.3359184534844564,
    0.3990537738108592,
    0.8767309021051504,
    0.42277860266668804,
    0.4784337217805679,
    0.4601625889957795,
    0.372191959326116,
    0.7229910350078133,
    -0.1318745111103382,
    0.2341338249178838,
    0.2417296420783537,
    0.9673568929160496,
    0.26752639825555397,
    0.42171903748619044,
    0.6109721030590205,
    0.36224343352189103,
    0.21706316701474626,
    0.892590968484642,
    0.7399762642970119,
    -0.4907379536930772,
    0.772286722279965,
    0.7314774760929783,
    0.7618590005119921,
    0.004847500012080052,
    0.0003021012468196887,
    0.7567543339098477,
    0.9982075559631056,
    0.9031296281951113,
    -0.06246262490422293,
    0.5871725897143927,
    0.06617413283532955,
    0.007971644133202227,
    0.5643913483984294,
    0.9999972847479492,
    -0.9051696221117199,
    0.9981384773617306,
    0.9950940997522295,
    0.9967077716375002,
    0.9974977663185676,
    0.9974112218714672,
    0.6029373548088982,
    0.33365283452030997,
    0.13252445231952295,
    0.7026803310213194,
    0.211405761770751,
    0.8235247020255732,
    0.7804209891858456,
    0.730125450066681,
    0.42428544064625995,
    0.5708365659065371,
    0.6460316381897951,
    0.874471161030445,
    -1.0,
    0.9999980000020001
  ],
  "action_low_threshold": [
    -0.6980001776166963,
    -0.5910003190075075,
    -0.4660002669998665,
    -0.3575220262881987,
    -0.005083758794398461,
    -0.12729208044545345,
    -1.0,
    -0.45500032712634286,
    -0.39700030407055154,
    -0.3490003254998373,
    0.2064776584505702,
    -0.09579297318196797,
    0.014450063414886175,
    -1.0
  ],
  "action_high_threshold": [
    0.7439990778019064,
    0.7819991030021399,
    0.6039991980004009,
    -0.11995715118467541,
    0.17372667407835649,
    0.18839730248482758,
    0.9999990000004999,
    0.44399929152580325,
    0.49104926911817176,
    0.4550492724753521,
    0.35381506223883447,
    0.14093435030937487,
    0.2490936614623641,
    0.9999990000004999
  ]
}