{
  "early": {
    "state_mean": [
      0.1477873122187917,
      -0.16488996785245513,
      0.20500703199293935,
      0.4772180842630315,
      0.4087500115170518,
      -0.2222209544214869,
      0.09255425146404235,
      0.5555738076010215,
      -0.5290741419791398,
      -0.3745578896373311,
      0.2847026313369067,
      0.10640591093858037,
      0.44900369348673275,
      -0.4357667658550277,
      -0.13935686756948878,
      -0.04705274646447437,
      0.6592858973981034,
      -0.575440954658217,
      0.4001287964508524,
      -0.7949956276003836,
      -0.016224058888771962,
      0.0335592034419183,
      0.03586449951423538,
      0.0462461073684235,
      -0.7624486099903793,
      -0.5813187369408731,
      0.6141918316416238,
      0.5201812297621954,
      -0.02051003221794446,
      -0.05185047103046268,
      -0.059563102866600055,
      0.903502396426386,
      0.5726530236657844,
      -0.5580884024732908,
      0.5204285855376172,
      0.0039714621918215875,
      -0.0058673321060278534,
      -0.04045867053622022,
      0.9544704768216147,
      -0.953191486154869,
      0.9787892674615513,
      0.9950845552009349,
      0.9547376020416098,
      0.9772663464618159,
      0.9974018341800636,
      0.3532732169057448,
      -0.5584108401009318,
      -0.18844452909039483,
      0.38474322792529914,
      -0.05902176312611308,
      0.7425301749246173,
      0.4722282279985135,
      -0.7079581585233444,
      0.16985819187830192,
      -0.27848081166935906,
      -0.20075735940810635,
      0.6874182720456067,
      -1.0,
      -0.8115006988771029
    ],
    "state_std": [
      0.2476879069844101,
      0.13524199009812496,
      0.060720218834527676,
      0.19548453522886786,
      0.17255416822508826,
      0.10210830239997902,
      0.14433958417048867,
      0.4989260930683913,
      0.5400997377874114,
      0.3684578979351503,
      0.1194795592888329,
      0.09172410596366355,
      0.18319467366360717,
      0.18485420425095586,
      0.15041464831495316,
      0.0960381866607364,
      0.43013539334652917,
      0.401325102018709,
      0.010231977286225045,
      0.009974953815998722,
      0.007954282264676179,
      0.11459523406691813,
      0.695838584789084,
      0.701756515628451,
      0.13451551270804057,
      0.5153450396001714,
      0.07438146023964635,
      0.12244077595519495,
      0.10527265755077425,
      0.1172050254627959,
      0.3235822025767084,
      0.1453571750097504,
      0.482104905790001,
      0.13393597355346865,
      0.2138199256248674,
      0.10586981388291686,
      0.07128115886865397,
      0.20006189711162337,
      0.2023878477399493,
      0.029085948387174838,
      0.012614833669686392,
      0.0002432732890717253,
      0.028740181030031293,
      0.012114051353873619,
      0.0002402300877173967,
      0.20000325012939654,
      0.08313078085225875,
      0.07032334962373697,
      0.2761951826703364,
      0.10679460774879827,
      0.15131072191434206,
      0.3442413501601026,
      0.074772266494342,
      0.13560974395670133,
      0.2089828638994489,
      0.09949160061411075,
      0.17759595514183626,
      0.0,
      0.5843511262276283
    ],
    "action_mean": [
      0.039029509897427414,
      -0.019026872537042706,
      -0.03531528612866687,
      -0.26027892451077506,
      0.08455778078489917,
      0.025908151066739136,
      -0.5151414469207366,
      0.006924459989092512,
      -0.007210179101249069,
      0.0018602471702471347,
      0.2871181719808105,
      0.02114012281279243,
      0.14081040811818127,
      -0.4216341163970742
    ],
    "action_std": [
      0.4930739885684701,
      0.26125081190061494,
      0.28011961514154415,
      0.06133237443438154,
      0.05839624586040227,
      0.14032011430538038,
      0.8571048972014312,
      0.332287628385871,
      0.16958027468661147,
      0.2764377355934133,
      0.04918516215745314,
      0.08664053066514997,
      0.09560867422278606,
      0.9067657324383761
    ]
  },
  "mid": {
    "state_mean": [
      0.29560724812309375,
      -0.10919032500877139,
      0.1401322388442371,
      0.4763236676481739,
      0.39463441403122723,
      -0.2317352205745532,
      0.15436122050715154,
      0.26616438861895775,
      -0.27049279457893216,
      0.10616089944311506,
      0.10261408389395454,
      0.20728754232519483,
      0.5420733226403897,
      -0.34709453701813214,
      -0.0435110800003062,
      -0.024543393699796027,
      0.8503295841267592,
      -0.7482512849729541,
      0.3372400160936523,
      -0.6182212450989463,
      0.08934329316536534,
      0.034558796058749994,
      0.08546341937616504,
      0.07452490410527078,
      -0.7510521078999188,
      0.49558851568124085,
      0.547923338869469,
      0.4906566256022494,
      -0.07678267521120981,
      -0.051781333113602605,
      0.08099473442892423,
      0.7645811572126441,
      -0.2196315085329679,
      -0.4609165277028592,
      0.23653278739920883,
      -0.0025165786040835135,
      -0.04587109689732747,
      0.2177771075334111,
      0.8116735076336166,
      -0.9522343996816899,
      0.9787852514538707,
      0.995092507368571,
      0.9547409140890816,
      0.977267133336835,
      0.997409258976807,
      0.19439560258810515,
      -0.4530613388089658,
      0.008182550391463678,
      -0.21118087955913042,
      -0.042626628706141555,
      0.6000771290832354,
      -0.04293846297924869,
      -0.41978241468713073,
      0.1734021533180166,
      0.028444335483062036,
      -0.08230051423008114,
      0.4696758619670155,
      -1.0,
      0.7212586826528347
    ],
    "state_std": [
      0.17924012623718782,
      0.394450595911455,
      0.12267817464039396,
      0.17908808562527284,
      0.16841005406853352,
      0.2069988252383305,
      0.20616166356579246,
      0.5433584040996671,
      0.5477975042496063,
      0.2943137660527546,
      0.2975917997462382,
      0.08189746815563853,
      0.12602587372816837,
      0.13646850064556867,
      0.14949213904076222,
      0.13651050393714428,
      0.2998701938834346,
      0.280429722161511,
      0.14314797559207304,
      0.30937599155790196,
      0.14110647974784055,
      0.13002282367480533,
      0.7066562265127726,
      0.6785542110723863,
      0.19764503478219908,
      0.34456599562482143,
      0.13265497106065724,
      0.09145501133552889,
      0.2558011779934507,
      0.2082475682082934,
      0.3655798091470357,
      0.33349137072331847,
      0.2565336118663168,
      0.2961565404016896,
      0.4060008445792961,
      0.21456831409482793,
      0.14016938686978075,
      0.25247782190488277,
      0.4074468582734187,
      0.02885322157195463,
      0.01261319157658787,
      3.217669593306782e-06,
      0.02873948955951356,
      0.01211891390529194,
      1.4494611398302664e-06,
      0.12481920021878404,
      0.06360059220812864,
      0.10947504098191914,
      0.21803232326652217,
      0.3103010339851707,
      0.3061551616974468,
      0.30125815740201706,
      0.4558188572487421,
      0.17325186562204023,
      0.2063603194602317,
      0.25508534917592,
      0.19665809796466135,
      0.0,
      0.6926633166146532
    ],
    "action_mean": [
      0.0116984424163824,
      0.15776980936562354,
      0.04089617604139638,
      -0.25314850441488623,
      0.08333146796280519,
      0.02118395394357704,
      0.11976261065764342,
      0.012047180285236336,
      -0.09173465889291472,
      0.046708238139299335,
      0.2785126633965667,
      0.029187835018864086,
      0.1255783280108094,
      -0.7975481103396008
    ],